city,lat,lng,country,iso2,admin_name,capital,population,population_proper
Ho Chi Minh City,10.8167,106.6333,Vietnam,VN,Hồ Chí Minh,admin,13312000,7431000
Hanoi,21.0245,105.8412,Vietnam,VN,Hà Nội,primary,7785000,7785000
Haiphong,20.8000,106.6667,Vietnam,VN,Hải Phòng,admin,2103500,2103500
Cần Thơ,10.0333,105.7833,Vietnam,VN,Cần Thơ,admin,1237300,1237300
Biên Hòa,10.9277,106.8681,Vietnam,VN,Đồng Nai,admin,1104000,1104000
Thủ Đức,10.8199,106.7909,Vietnam,VN,Hồ Chí Minh,minor,1013795,1013795
Quảng Hà,16.0600,108.2500,Vietnam,VN,Quảng Nam,,1000000,887069
Bắc Ninh,21.1861,106.0763,Vietnam,VN,Bắc Ninh,admin,520000,520000
Hải Dương,20.9399,106.3309,Vietnam,VN,Hải Dương,admin,507469,507469
Vinh,18.6733,105.6922,Vietnam,VN,Nghệ An,admin,490000,490000
Huế,16.4637,107.5908,Vietnam,VN,Thừa Thiên-Huế,admin,455230,455230
Thanh Hóa,19.8075,105.7764,Vietnam,VN,Thanh Hóa,admin,393294,393294
Nha Trang,12.2495,109.1908,Vietnam,VN,Khánh Hòa,admin,392279,392279
Nam Định,20.4200,106.1683,Vietnam,VN,Nam Định,admin,352108,352108
Buôn Ma Thuột,12.6667,108.0500,Vietnam,VN,Đắk Lắk,admin,340000,340000
Thái Nguyên,21.6000,105.8500,Vietnam,VN,Thái Nguyên,admin,330000,330000
Vũng Tàu,10.4042,107.1417,Vietnam,VN,Bà Rịa-Vũng Tàu,admin,327000,327000
Cà Mau,9.1833,105.1500,Vietnam,VN,Cà Mau,admin,315270,315270
Quy Nhơn,13.7696,109.2314,Vietnam,VN,Bình Định,admin,311000,311000
Sóc Trăng,9.6000,105.9719,Vietnam,VN,Sóc Trăng,admin,300000,173922
Long Xuyên,10.3686,105.4234,Vietnam,VN,An Giang,admin,278658,278658
Việt Trì,21.3136,105.3947,Vietnam,VN,Phú Thọ,admin,277539,277539
Thái Bình,20.4461,106.3422,Vietnam,VN,Thái Bình,admin,268167,268167
Quảng Ngãi,15.1206,108.7922,Vietnam,VN,Quảng Ngãi,admin,260252,260252
Ấp Đa Lợi,11.9304,108.4200,Vietnam,VN,Lâm Đồng,,256019,131377
Rạch Giá,10.0125,105.0808,Vietnam,VN,Kiến Giang,admin,250660,250660
Thủ Dầu Một,11.0042,106.6583,Vietnam,VN,Bình Dương,admin,244277,244277
Tuy Hòa,13.0869,109.3086,Vietnam,VN,Phú Yên,admin,242840,242840
Bạc Liêu,9.2833,105.7167,Vietnam,VN,Bạc Liêu,admin,225000,150000
Sa Đéc,10.3105,105.7397,Vietnam,VN,Đồng Tháp,minor,213610,213610
Phan Thiết,10.9375,108.1583,Vietnam,VN,Bình Thuận,admin,205333,205333
Sơn Tây,21.1382,105.5050,Vietnam,VN,Hà Nội,minor,189547,40636
Phan Rang-Tháp Chàm,11.5643,108.9886,Vietnam,VN,Ninh Thuận,admin,179773,91520
Hạ Long,20.9514,107.0852,Vietnam,VN,Quảng Ninh,admin,172915,148066
Hà Tĩnh,18.3431,105.9058,Vietnam,VN,Hà Tĩnh,admin,165396,165396
Đồng Hới,17.4833,106.6000,Vietnam,VN,Quảng Bình,admin,160325,160325
Châu Đốc,10.7000,105.1167,Vietnam,VN,An Giang,,157298,157298
Cẩm Phả,21.0094,107.2728,Vietnam,VN,Quảng Ninh,minor,156000,156000
Cao Lãnh,10.4603,105.6331,Vietnam,VN,Đồng Tháp,admin,149837,149837
Lạng Sơn,21.8478,106.7578,Vietnam,VN,Lạng Sơn,admin,148000,148000
Cam Ranh,11.9020,109.2207,Vietnam,VN,Khánh Hòa,,146771,23883
Pleiku,13.9715,108.0147,Vietnam,VN,Gia Lai,admin,146073,146073
Tân An,10.5322,106.4042,Vietnam,VN,Long An,admin,137498,64801
Trà Vinh,9.9369,106.3411,Vietnam,VN,Trà Vinh,admin,131360,131360
Ninh Bình,20.2539,105.9750,Vietnam,VN,Ninh Bình,admin,130517,130517
Tây Ninh,11.3131,106.0963,Vietnam,VN,Tây Ninh,admin,126370,126370
Cam Ranh,11.9136,109.1369,Vietnam,VN,Khánh Hòa,minor,125311,125311
Mỹ Tho,10.3500,106.3500,Vietnam,VN,Tiền Giang,admin,124143,122310
Hội An,15.8777,108.3327,Vietnam,VN,Quảng Nam,,121716,121716
Hòa Bình,20.8175,105.3375,Vietnam,VN,Hòa Bình,admin,121309,121309
Mang La,14.3838,107.9833,Vietnam,VN,Kon Tum,,105489,47409
Vĩnh Long,10.2550,105.9753,Vietnam,VN,Vĩnh Long,admin,103314,103314
Vị Thanh,9.7833,105.4708,Vietnam,VN,Hậu Giang,admin,97200,97200
Yên Bái,21.7000,104.8667,Vietnam,VN,Yên Bái,admin,96540,96540
Dĩ An,10.9039,106.7679,Vietnam,VN,Bình Dương,minor,73859,73859
Quảng Trị,16.7504,107.2000,Vietnam,VN,Quảng Trị,,72722,72722
Phú Quốc,10.2289,103.9572,Vietnam,VN,Kiến Giang,minor,70000,70000
Lào Cai,22.4194,103.9950,Vietnam,VN,Lào Cai,admin,67206,36502
Bến Tre,10.2333,106.3833,Vietnam,VN,Bến Tre,admin,59442,59442
Bắc Giang,21.2731,106.1947,Vietnam,VN,Bắc Giang,admin,53728,53728
Hà Tiên,10.3833,104.4833,Vietnam,VN,Kiến Giang,minor,47039,47039
Cao Bằng,22.6731,106.2500,Vietnam,VN,Cao Bằng,admin,41112,41112
Bình Long,11.6504,106.6000,Vietnam,VN,Bình Phước,,40279,40279
Hà Giang,22.8233,104.9836,Vietnam,VN,Hà Giang,admin,38362,32690
Tuyên Quang,21.8281,105.2156,Vietnam,VN,Tuyên Quang,admin,36430,36430
Bắc Kạn,22.1514,105.8377,Vietnam,VN,Bắc Kạn,admin,29227,29227
Sơn La,21.3270,103.9141,Vietnam,VN,Sơn La,admin,19054,19054
Đông Hà,16.8056,107.0906,Vietnam,VN,Quảng Trị,admin,17662,17662
Quận Mười Một,10.7638,106.6436,Vietnam,VN,Hồ Chí Minh,minor,,
Quận Năm,10.7557,106.6675,Vietnam,VN,Hồ Chí Minh,minor,,
Quận Mười,10.7682,106.6663,Vietnam,VN,Hồ Chí Minh,minor,,
Quận Phú Nhuận,10.7948,106.6763,Vietnam,VN,Hồ Chí Minh,minor,,
Đống Đa,21.0201,105.8310,Vietnam,VN,Hà Nội,minor,,
Quận Sáu,10.7468,106.6490,Vietnam,VN,Hồ Chí Minh,minor,,
Hai BàTrưng,21.0134,105.8477,Vietnam,VN,Hà Nội,minor,,
Hoàn Kiếm,21.0286,105.8506,Vietnam,VN,Hà Nội,minor,,
Quận Ba,10.7749,106.6863,Vietnam,VN,Hồ Chí Minh,minor,,
Quận Một,10.7807,106.6994,Vietnam,VN,Hồ Chí Minh,minor,,
Cầu Giấy,21.0323,105.8007,Vietnam,VN,Hà Nội,minor,,
Quận Bốn,10.7668,106.7057,Vietnam,VN,Hồ Chí Minh,minor,,
Quận Tân Phú,10.7838,106.6370,Vietnam,VN,Hồ Chí Minh,minor,,
Quận Bình Thạnh,10.8033,106.6967,Vietnam,VN,Hồ Chí Minh,minor,,
Ba Đình,21.0341,105.8145,Vietnam,VN,Hà Nội,minor,,
Thanh Khê,16.0706,108.1910,Vietnam,VN,Đà Nẵng,minor,,
Thanh Xuân,20.9947,105.7998,Vietnam,VN,Hà Nội,minor,,
Đà Nẵng,16.0748,108.2240,Vietnam,VN,Đà Nẵng,admin,,
Quận Bảy,10.7118,106.7364,Vietnam,VN,Hồ Chí Minh,minor,,
Tây Hồ,21.0689,105.8105,Vietnam,VN,Hà Nội,minor,,
Hà Đông,20.9714,105.7788,Vietnam,VN,Hà Nội,minor,,
Lái Thiêu,10.9051,106.6995,Vietnam,VN,Bình Dương,minor,,
Cầu Diễn,21.0393,105.7666,Vietnam,VN,Hà Nội,minor,,
Hưng Yên,20.6464,106.0511,Vietnam,VN,Hưng Yên,admin,,
Quận Hai,10.7916,106.7495,Vietnam,VN,Hồ Chí Minh,minor,,
Hóc Môn,10.8891,106.5953,Vietnam,VN,Hồ Chí Minh,minor,,
Cẩm Lệ,16.0177,108.2038,Vietnam,VN,Đà Nẵng,minor,,
Văn Điển,20.9463,105.8450,Vietnam,VN,Hà Nội,minor,,
Quận Chín,10.8397,106.7709,Vietnam,VN,Hồ Chí Minh,minor,,
Sơn Trà,16.0607,108.2326,Vietnam,VN,Đà Nẵng,minor,,
Trâu Quỳ,21.0195,105.9369,Vietnam,VN,Hà Nội,minor,,
Phủ Lý,20.5453,105.9122,Vietnam,VN,Hà Nam,admin,,
Trôi,21.0695,105.7065,Vietnam,VN,Hà Nội,minor,,
Phùng,21.0890,105.6590,Vietnam,VN,Hà Nội,minor,,
Đông Anh,21.1396,105.8493,Vietnam,VN,Hà Nội,minor,,
Tân Túc,10.6954,106.5913,Vietnam,VN,Hồ Chí Minh,minor,,
Bình Thủy,10.0743,105.7397,Vietnam,VN,Cần Thơ,minor,,
Vĩnh Yên,21.3100,105.5967,Vietnam,VN,Vĩnh Phúc,admin,,
Tam Kỳ,15.5667,108.4833,Vietnam,VN,Quảng Nam,admin,,
Điện Biên Phủ,21.3833,103.0169,Vietnam,VN,Điện Biên,admin,,
Đồng Xoài,11.5349,106.8832,Vietnam,VN,Bình Phước,admin,,
Đà Lạt,11.9359,108.4429,Vietnam,VN,Lâm Đồng,admin,,
Lai Châu,22.3991,103.4393,Vietnam,VN,Lai Châu,admin,,
Kon Tum,14.3436,107.9789,Vietnam,VN,Kon Tum,admin,,
Gia Nghĩa,12.0042,107.6907,Vietnam,VN,Đắk Nông,admin,,
Ngũ Hành Sơn,16.0162,108.2534,Vietnam,VN,Đà Nẵng,minor,,
Thường Tín,20.8687,105.8612,Vietnam,VN,Hà Nội,minor,,
Thị Trấn Long Điền,10.4856,107.2123,Vietnam,VN,Bà Rịa-Vũng Tàu,minor,,
Liên Chiểu,16.0727,108.1581,Vietnam,VN,Đà Nẵng,minor,,
Cái Răng,10.0009,105.7510,Vietnam,VN,Cần Thơ,minor,,
Hòa Thành,11.2870,106.1294,Vietnam,VN,Tây Ninh,minor,,
Lý Sơn,15.3720,109.1189,Vietnam,VN,Quảng Ngãi,minor,,
Phúc Thọ,21.1034,105.5455,Vietnam,VN,Hà Nội,minor,,
An Dương,20.8638,106.6133,Vietnam,VN,Hải Phòng,minor,,
Mê Linh,21.1831,105.7204,Vietnam,VN,Hà Nội,minor,,
Như Quỳnh,20.9817,105.9849,Vietnam,VN,Hưng Yên,minor,,
Nhà Bè,10.6967,106.7403,Vietnam,VN,Hồ Chí Minh,minor,,
Liên Quan,21.0572,105.5792,Vietnam,VN,Hà Nội,minor,,
Yên Mỹ,20.8856,106.0356,Vietnam,VN,Hưng Yên,minor,,
Khoái Châu,20.8391,105.9776,Vietnam,VN,Hưng Yên,minor,,
Phú Quý,10.5166,108.9329,Vietnam,VN,Bình Thuận,minor,,
Kim Bài,20.8526,105.7696,Vietnam,VN,Hà Nội,minor,,
Văn Giang,20.9430,105.9312,Vietnam,VN,Hưng Yên,minor,,
Chúc Sơn,20.9237,105.7015,Vietnam,VN,Hà Nội,minor,,
Quốc Oai,20.9902,105.6409,Vietnam,VN,Hà Nội,minor,,
Xuân Trường,20.2923,106.3327,Vietnam,VN,Nam Định,minor,,
Hồ,21.0631,106.0857,Vietnam,VN,Bắc Ninh,minor,,
Núi Đèo,20.9157,106.6744,Vietnam,VN,Hải Phòng,minor,,
Yên Lạc,21.2365,105.5730,Vietnam,VN,Vĩnh Phúc,minor,,
Vĩnh Tường,21.2165,105.5125,Vietnam,VN,Vĩnh Phúc,minor,,
Núi Đối,20.7508,106.6689,Vietnam,VN,Hải Phòng,minor,,
Phú Xuyên,20.7455,105.9136,Vietnam,VN,Hà Nội,minor,,
An Lão,20.8229,106.5558,Vietnam,VN,Hải Phòng,minor,,
Cổ Lễ,20.3234,106.2658,Vietnam,VN,Nam Định,minor,,
Hưng Hà,20.5904,106.2245,Vietnam,VN,Thái Bình,minor,,
Bẩn Yên Nhân,20.9365,106.0571,Vietnam,VN,Hưng Yên,minor,,
Lim,21.1439,106.0202,Vietnam,VN,Bắc Ninh,minor,,
Ô Môn,10.1097,105.6232,Vietnam,VN,Cần Thơ,minor,,
Nam Giang,20.3332,106.1775,Vietnam,VN,Nam Định,minor,,
Vũ Thư,20.4367,106.2912,Vietnam,VN,Thái Bình,minor,,
Lai Cách,20.9325,106.2476,Vietnam,VN,Hải Dương,minor,,
Hậu Lộc,19.9144,105.8861,Vietnam,VN,Thanh Hóa,minor,,
Đông Hưng,20.5565,106.3553,Vietnam,VN,Thái Bình,minor,,
Chờ,21.1949,105.9547,Vietnam,VN,Bắc Ninh,minor,,
Bút Sơn,19.8580,105.8548,Vietnam,VN,Thanh Hóa,minor,,
Quảng Xương,19.7295,105.7827,Vietnam,VN,Thanh Hóa,minor,,
Quỳnh Côi,20.6619,106.3274,Vietnam,VN,Thái Bình,minor,,
Vân Đình,20.7351,105.7724,Vietnam,VN,Hà Nội,minor,,
Lương Bằng,20.7400,106.0600,Vietnam,VN,Hưng Yên,minor,,
Gia Lộc,20.8678,106.3000,Vietnam,VN,Hải Dương,minor,,
Thốt Nốt,10.2721,105.5338,Vietnam,VN,Cần Thơ,minor,,
Yên Định,20.2015,106.2958,Vietnam,VN,Nam Định,minor,,
Phú Thái,20.9628,106.5095,Vietnam,VN,Hải Dương,minor,,
Kẻ Sặt,20.9101,106.1477,Vietnam,VN,Hải Dương,minor,,
Sóc Sơn,21.2578,105.8489,Vietnam,VN,Hà Nội,minor,,
Thanh Nê,20.3881,106.4383,Vietnam,VN,Thái Bình,minor,,
Ninh Giang,20.7308,106.3979,Vietnam,VN,Hải Dương,minor,,
Thắng,21.3551,105.9834,Vietnam,VN,Bắc Giang,minor,,
Vĩnh Trụ,20.5602,106.0281,Vietnam,VN,Hà Nam,minor,,
Vạn Hà,19.8866,105.6788,Vietnam,VN,Thanh Hóa,minor,,
Chợ Mới,10.5512,105.4044,Vietnam,VN,An Giang,minor,,
Vĩnh Bảo,20.6908,106.4806,Vietnam,VN,Hải Phòng,minor,,
Ân Thi,20.8184,106.0912,Vietnam,VN,Hưng Yên,minor,,
Kinh Môn,20.9896,106.5551,Vietnam,VN,Hải Dương,minor,,
Thanh Miện,20.7871,106.2462,Vietnam,VN,Hải Dương,minor,,
Đại Nghĩa,20.6867,105.7447,Vietnam,VN,Hà Nội,minor,,
Thanh Hà,20.8982,106.4261,Vietnam,VN,Hải Dương,minor,,
Tân Châu,10.7983,105.2389,Vietnam,VN,An Giang,minor,,
Bình Minh,10.0682,105.8222,Vietnam,VN,Vĩnh Long,minor,,
Củ Chi,10.9733,106.4932,Vietnam,VN,Hồ Chí Minh,minor,,
Bích Động,21.2742,106.1007,Vietnam,VN,Bắc Giang,minor,,
Yên Ninh,20.1840,106.0612,Vietnam,VN,Ninh Bình,minor,,
Điện Bàn,15.8885,108.2545,Vietnam,VN,Quảng Nam,minor,,
Thứa,21.0194,106.2004,Vietnam,VN,Bắc Ninh,minor,,
Gia Bình,21.0594,106.1747,Vietnam,VN,Bắc Ninh,minor,,
Tân Hiệp,10.4490,106.3439,Vietnam,VN,Tiền Giang,minor,,
Rừng Thông,19.8191,105.7328,Vietnam,VN,Thanh Hóa,minor,,
Tứ Kỳ,20.8191,106.4066,Vietnam,VN,Hải Dương,minor,,
Ngô Đồng,20.2830,106.4435,Vietnam,VN,Nam Định,minor,,
Mỹ Lộc,20.4411,106.1024,Vietnam,VN,Nam Định,minor,,
Bình Mỹ,20.4912,106.0095,Vietnam,VN,Hà Nam,minor,,
Lâm,20.3277,106.0121,Vietnam,VN,Nam Định,minor,,
Hòa Mạc,20.6417,105.9890,Vietnam,VN,Hà Nam,minor,,
Diễn Châu,18.9765,105.6003,Vietnam,VN,Nghệ An,minor,,
Phong Điền,9.9975,105.6673,Vietnam,VN,Cần Thơ,minor,,
Vương,20.7011,106.1175,Vietnam,VN,Hưng Yên,minor,,
Cần Đước,10.5097,106.6031,Vietnam,VN,Long An,minor,,
Diêm Điền,20.5583,106.5688,Vietnam,VN,Thái Bình,minor,,
Tiên Lãng,20.7246,106.5539,Vietnam,VN,Hải Phòng,minor,,
Nam Sách,20.9921,106.3361,Vietnam,VN,Hải Dương,minor,,
Nga Sơn,20.0072,105.9704,Vietnam,VN,Thanh Hóa,minor,,
Phát Diệm,20.0905,106.0832,Vietnam,VN,Ninh Bình,minor,,
Cần Giuộc,10.6086,106.6713,Vietnam,VN,Long An,minor,,
An Phú,10.8159,105.0904,Vietnam,VN,An Giang,minor,,
Trảng Bom,10.9536,107.0059,Vietnam,VN,Đồng Nai,minor,,
Phú Vang,16.4391,107.7144,Vietnam,VN,Thừa Thiên-Huế,minor,,
Trần Cao,20.7295,106.1797,Vietnam,VN,Hưng Yên,minor,,
Lấp Vò,10.3616,105.5192,Vietnam,VN,Đồng Tháp,minor,,
Gôi,20.3334,106.0783,Vietnam,VN,Nam Định,minor,,
Hợp Hòa,21.3753,105.5426,Vietnam,VN,Vĩnh Phúc,minor,,
Phố Mới,21.1533,106.1516,Vietnam,VN,Bắc Ninh,minor,,
Vôi,21.3552,106.2615,Vietnam,VN,Bắc Giang,minor,,
Chợ Gạo,10.3498,106.4634,Vietnam,VN,Tiền Giang,minor,,
Lâm Thao,21.3201,105.2916,Vietnam,VN,Phú Thọ,minor,,
Liễu Đề,20.2209,106.1875,Vietnam,VN,Nam Định,minor,,
Tư Nghĩa,15.0845,108.8260,Vietnam,VN,Quảng Ngãi,minor,,
Long Hồ,10.1928,106.0123,Vietnam,VN,Vĩnh Long,minor,,
Long Khánh,10.9265,107.2478,Vietnam,VN,Đồng Nai,minor,,
Cao Thượng,21.3871,106.1293,Vietnam,VN,Bắc Giang,minor,,
Neo,21.2005,106.2474,Vietnam,VN,Bắc Giang,minor,,
Châu Thành,10.3012,106.3570,Vietnam,VN,Bến Tre,minor,,
An Nhơn,13.8858,109.1082,Vietnam,VN,Bình Định,minor,,
Phú Mỹ,10.5924,105.3557,Vietnam,VN,An Giang,minor,,
Chợ Lách,10.2603,106.1189,Vietnam,VN,Bến Tre,minor,,
Yên Thịnh,20.1625,106.0070,Vietnam,VN,Ninh Bình,minor,,
Phúc Yên,21.2370,105.7048,Vietnam,VN,Vĩnh Phúc,minor,,
Tây Đằng,21.1981,105.4222,Vietnam,VN,Hà Nội,minor,,
Lai Vung,10.2870,105.6617,Vietnam,VN,Đồng Tháp,minor,,
Phú Thọ,21.3996,105.2222,Vietnam,VN,Phú Thọ,minor,,
Thanh Lưu,20.4740,105.9527,Vietnam,VN,Hà Nam,minor,,
Quán Lào,19.9715,105.6511,Vietnam,VN,Thanh Hóa,minor,,
Thọ Xuân,19.9313,105.5218,Vietnam,VN,Thanh Hóa,minor,,
Bảo Lộc,11.5480,107.8077,Vietnam,VN,Lâm Đồng,minor,,
Thống Nhất,10.9505,107.1457,Vietnam,VN,Đồng Nai,minor,,
Hương Canh,21.2788,105.6470,Vietnam,VN,Vĩnh Phúc,minor,,
Mỏ Cày,10.1331,106.3352,Vietnam,VN,Bến Tre,minor,,
Hưng Nguyên,18.6716,105.6288,Vietnam,VN,Nghệ An,minor,,
Ngã Bảy,9.8137,105.8210,Vietnam,VN,Hậu Giang,minor,,
Tầm Vu,10.4411,106.4679,Vietnam,VN,Long An,minor,,
Vĩnh Bình,10.3450,106.5806,Vietnam,VN,Tiền Giang,minor,,
Tuy Phước,13.8274,109.1665,Vietnam,VN,Bình Định,minor,,
Quế,20.5806,105.8727,Vietnam,VN,Hà Nam,minor,,
Triệu Sơn,19.8191,105.6039,Vietnam,VN,Thanh Hóa,minor,,
Me,20.3470,105.8361,Vietnam,VN,Ninh Bình,minor,,
Lập Thạch,21.4154,105.4608,Vietnam,VN,Vĩnh Phúc,minor,,
Cái Tàu Hạ,10.2597,105.8704,Vietnam,VN,Đồng Tháp,minor,,
Sịa,16.5745,107.5107,Vietnam,VN,Thừa Thiên-Huế,minor,,
Thiên Tồn,20.2990,105.9520,Vietnam,VN,Ninh Bình,minor,,
Nông Cống,19.6240,105.6494,Vietnam,VN,Thanh Hóa,minor,,
Tân Trụ,10.5127,106.5076,Vietnam,VN,Long An,minor,,
Long Thành,10.7891,106.9503,Vietnam,VN,Đồng Nai,minor,,
Quảng Yên,20.9421,106.8027,Vietnam,VN,Quảng Ninh,minor,,
Mộ Đức,14.9551,108.8859,Vietnam,VN,Quảng Ngãi,minor,,
Hương Trà,16.5254,107.4755,Vietnam,VN,Thừa Thiên-Huế,minor,,
Cái Nhum,10.1741,106.1105,Vietnam,VN,Vĩnh Long,minor,,
Cầu Giát,19.1460,105.6309,Vietnam,VN,Nghệ An,minor,,
Vĩnh Lộc,20.0544,105.6157,Vietnam,VN,Thanh Hóa,minor,,
Sơn Tịnh,15.1586,108.7958,Vietnam,VN,Quảng Ngãi,minor,,
Một Ngàn,9.9240,105.6296,Vietnam,VN,Hậu Giang,minor,,
Ba Tri,10.0443,106.5902,Vietnam,VN,Bến Tre,minor,,
Giồng Trôm,10.1502,106.5061,Vietnam,VN,Bến Tre,minor,,
Cái Dầu,10.5698,105.2295,Vietnam,VN,An Giang,minor,,
Tân Hòa,10.3191,106.7113,Vietnam,VN,Tiền Giang,minor,,
Minh Lương,9.9025,105.1595,Vietnam,VN,Kiến Giang,minor,,
Hương Sơn,21.4601,105.9781,Vietnam,VN,Thái Nguyên,minor,,
Vũng Liêm,10.0958,106.1855,Vietnam,VN,Vĩnh Long,minor,,
Ngã Sáu,9.9230,105.8054,Vietnam,VN,Hậu Giang,minor,,
Bến Lức,10.6364,106.4910,Vietnam,VN,Long An,minor,,
Tam Điệp,20.1487,105.8985,Vietnam,VN,Ninh Bình,minor,,
Đô Lương,18.8985,105.3080,Vietnam,VN,Nghệ An,minor,,
Trà Ôn,9.9626,105.9217,Vietnam,VN,Vĩnh Long,minor,,
Tam Bình,10.0481,106.0002,Vietnam,VN,Vĩnh Long,minor,,
Nam Đàn,18.6980,105.4988,Vietnam,VN,Nghệ An,minor,,
Hậu Nghĩa,10.8943,106.3969,Vietnam,VN,Long An,minor,,
Nhơn Trạch,10.7229,106.8834,Vietnam,VN,Đồng Nai,minor,,
Kế Sách,9.7674,105.9857,Vietnam,VN,Sóc Trăng,minor,,
Tân Uyên,11.0609,106.7990,Vietnam,VN,Bình Dương,minor,,
Đức Thọ,18.5396,105.5830,Vietnam,VN,Hà Tĩnh,minor,,
Gò Dầu,11.0885,106.2635,Vietnam,VN,Tây Ninh,minor,,
Quán Hành,18.7793,105.6460,Vietnam,VN,Nghệ An,minor,,
Trà Cú,9.6977,106.2583,Vietnam,VN,Trà Vinh,minor,,
Thới Lai,10.0652,105.5586,Vietnam,VN,Cần Thơ,minor,,
Bồng Sơn,14.4291,109.0156,Vietnam,VN,Bình Định,minor,,
Cầu Kè,9.8724,106.0550,Vietnam,VN,Trà Vinh,minor,,
Cờ Đỏ,10.0938,105.4292,Vietnam,VN,Cần Thơ,minor,,
Tiểu Cần,9.8117,106.1907,Vietnam,VN,Trà Vinh,minor,,
An Châu,10.4456,105.3862,Vietnam,VN,An Giang,minor,,
Thanh Bình,10.5619,105.4841,Vietnam,VN,Đồng Tháp,minor,,
Yên Thành,18.9986,105.4712,Vietnam,VN,Nghệ An,minor,,
Trảng Bàng,11.0299,106.3575,Vietnam,VN,Tây Ninh,minor,,
Tĩnh Gia,19.4464,105.7786,Vietnam,VN,Thanh Hóa,minor,,
Long Phú,9.6102,106.1188,Vietnam,VN,Sóc Trăng,minor,,
Thị Trấn Phú Mỹ,10.6036,107.0540,Vietnam,VN,Bà Rịa-Vũng Tàu,minor,,
Nghi Xuân,18.6621,105.7557,Vietnam,VN,Hà Tĩnh,minor,,
Châu Thành,9.8699,106.3494,Vietnam,VN,Trà Vinh,minor,,
Châu Thành,9.7007,105.9020,Vietnam,VN,Sóc Trăng,minor,,
Vĩnh Thạnh,10.2226,105.3984,Vietnam,VN,Cần Thơ,minor,,
Hà Lam,15.7387,108.3506,Vietnam,VN,Quảng Nam,minor,,
Thanh Thủy,21.1755,105.2839,Vietnam,VN,Phú Thọ,minor,,
Mỹ Thọ,10.4427,105.6951,Vietnam,VN,Đồng Tháp,minor,,
Thị Trấn Đất Đỏ,10.4909,107.2701,Vietnam,VN,Bà Rịa-Vũng Tàu,minor,,
Nghèn,18.4512,105.7797,Vietnam,VN,Hà Tĩnh,minor,,
Duy Xuyên,15.8290,108.2596,Vietnam,VN,Quảng Nam,minor,,
Thị Trấn Giá Rai,9.2379,105.4552,Vietnam,VN,Bạc Liêu,minor,,
Phong Châu,21.4068,105.3123,Vietnam,VN,Phú Thọ,minor,,
Diên Khánh,12.2549,109.0933,Vietnam,VN,Khánh Hòa,minor,,
Nàng Mau,9.7513,105.5345,Vietnam,VN,Hậu Giang,minor,,
Mỹ Xuyên,9.5601,105.9898,Vietnam,VN,Sóc Trăng,minor,,
Núi Sập,10.2648,105.2668,Vietnam,VN,An Giang,minor,,
Nghĩa Hành,15.0457,108.7772,Vietnam,VN,Quảng Ngãi,minor,,
Đức Phổ,14.8136,108.9593,Vietnam,VN,Quảng Ngãi,minor,,
Thạch Hà,18.3679,105.8612,Vietnam,VN,Hà Tĩnh,minor,,
Thị Trấn Ngải Giao,10.6471,107.2458,Vietnam,VN,Bà Rịa-Vũng Tàu,minor,,
Thanh Ba,21.4988,105.1410,Vietnam,VN,Phú Thọ,minor,,
Bình Sơn,15.2978,108.7612,Vietnam,VN,Quảng Ngãi,minor,,
Khánh Hải,11.5910,109.0405,Vietnam,VN,Ninh Thuận,minor,,
Vĩnh Châu,9.3244,105.9801,Vietnam,VN,Sóc Trăng,minor,,
Bình Đại,10.1896,106.6915,Vietnam,VN,Bến Tre,minor,,
Sông Thao,21.4213,105.1337,Vietnam,VN,Phú Thọ,minor,,
Cù Lao Dung,9.6731,106.1487,Vietnam,VN,Sóc Trăng,minor,,
Phụng Hiệp,9.7797,105.7338,Vietnam,VN,Hậu Giang,minor,,
Tân Hiệp,10.1171,105.2858,Vietnam,VN,Kiến Giang,minor,,
Giồng Riềng,9.9097,105.3143,Vietnam,VN,Kiến Giang,minor,,
Phước An,12.7130,108.3015,Vietnam,VN,Đắk Lắk,minor,,
Long Mỹ,9.6814,105.5723,Vietnam,VN,Hậu Giang,minor,,
Nhà Bàng,10.6177,105.0034,Vietnam,VN,An Giang,minor,,
Hưng Hóa,21.2549,105.2953,Vietnam,VN,Phú Thọ,minor,,
Ba Đồn,17.7535,106.4235,Vietnam,VN,Quảng Bình,minor,,
Thạnh Phú,9.9483,106.5163,Vietnam,VN,Bến Tre,minor,,
Cái Nước,8.9423,105.0141,Vietnam,VN,Cà Mau,minor,,
Thị Trấn Hòa Bình,9.2847,105.6292,Vietnam,VN,Bạc Liêu,minor,,
Gò Quao,9.7332,105.2739,Vietnam,VN,Kiến Giang,minor,,
Phú Ninh,15.5547,108.4114,Vietnam,VN,Quảng Nam,minor,,
An Biên,9.8153,105.0637,Vietnam,VN,Kiến Giang,minor,,
Đồi Ngô,21.3063,106.3867,Vietnam,VN,Bắc Giang,minor,,
Chí Thạnh,13.3084,109.2152,Vietnam,VN,Phú Yên,minor,,
Quế Sơn,15.6736,108.2201,Vietnam,VN,Quảng Nam,minor,,
Phù Mỹ,14.1718,109.0489,Vietnam,VN,Bình Định,minor,,
Gia Ray,10.9261,107.4017,Vietnam,VN,Đồng Nai,minor,,
Nho Quan,20.3228,105.7519,Vietnam,VN,Ninh Bình,minor,,
Thị Trấn Cao Lộc,21.8665,106.7683,Vietnam,VN,Lạng Sơn,minor,,
Thủ Thừa,10.6023,106.4021,Vietnam,VN,Long An,minor,,
Phú Lộc,9.4284,105.7411,Vietnam,VN,Sóc Trăng,minor,,
Cầu Gồ,21.4768,106.1265,Vietnam,VN,Bắc Giang,minor,,
Thị Trấn Phước Long,9.4375,105.4622,Vietnam,VN,Bạc Liêu,minor,,
Huỳnh Hữu Nghĩa,9.6354,105.8117,Vietnam,VN,Sóc Trăng,minor,,
Sa Rài,10.8702,105.4658,Vietnam,VN,Đồng Tháp,minor,,
Thị Trấn Gành Hào,9.0318,105.4211,Vietnam,VN,Bạc Liêu,minor,,
Đu,21.7385,105.7039,Vietnam,VN,Thái Nguyên,minor,,
Núi Thành,15.4319,108.6595,Vietnam,VN,Quảng Nam,minor,,
Phù Cát,14.0032,109.0580,Vietnam,VN,Bình Định,minor,,
Ái Tử,16.7689,107.1650,Vietnam,VN,Quảng Trị,minor,,
Bến Cầu,11.1105,106.1792,Vietnam,VN,Tây Ninh,minor,,
Tam Đảo,21.3932,105.6144,Vietnam,VN,Vĩnh Phúc,minor,,
Trần Văn Thời,9.0771,104.9791,Vietnam,VN,Cà Mau,minor,,
Thị Trấn Ngan Dừa,9.5670,105.4502,Vietnam,VN,Bạc Liêu,minor,,
Đại Lộc,15.8821,108.1209,Vietnam,VN,Quảng Nam,minor,,
Duyên Hải,9.6350,106.4924,Vietnam,VN,Trà Vinh,minor,,
Ngọc Lặc,20.0919,105.3676,Vietnam,VN,Thanh Hóa,minor,,
Buôn Trấp,12.4848,108.0298,Vietnam,VN,Đắk Lắk,minor,,
Cái Đôi Vàm,8.8571,104.8120,Vietnam,VN,Cà Mau,minor,,
Vạn Giã,12.6920,109.2207,Vietnam,VN,Khánh Hòa,minor,,
Vĩnh Thuận,9.5080,105.2575,Vietnam,VN,Kiến Giang,minor,,
Võ Xu,11.1869,107.5603,Vietnam,VN,Bình Thuận,minor,,
Thị Trấn Phước Bửu,10.5347,107.4020,Vietnam,VN,Bà Rịa-Vũng Tàu,minor,,
Kim Tân,20.1305,105.6745,Vietnam,VN,Thanh Hóa,minor,,
Phước Vĩnh,11.2947,106.7953,Vietnam,VN,Bình Dương,minor,,
Chùa Hang,21.6238,105.8417,Vietnam,VN,Thái Nguyên,minor,,
Cẩm Thủy,20.2087,105.4695,Vietnam,VN,Thanh Hóa,minor,,
Châu Thành,11.3117,106.0295,Vietnam,VN,Tây Ninh,minor,,
Dương Minh Châu,11.3841,106.2308,Vietnam,VN,Tây Ninh,minor,,
Dầu Tiếng,11.2741,106.3588,Vietnam,VN,Bình Dương,minor,,
Đoan Hùng,21.6225,105.1846,Vietnam,VN,Phú Thọ,minor,,
Tân Phú,11.2722,107.4365,Vietnam,VN,Đồng Nai,minor,,
Chợ Mới,21.8837,105.7728,Vietnam,VN,Bắc Kạn,minor,,
Đầm Dơi,8.9921,105.1960,Vietnam,VN,Cà Mau,minor,,
Tràm Chim,10.6700,105.5647,Vietnam,VN,Đồng Tháp,minor,,
Vụ Bản,20.4642,105.4435,Vietnam,VN,Hòa Bình,minor,,
Sơn Dương,21.6968,105.3990,Vietnam,VN,Tuyên Quang,minor,,
Cẩm Xuyên,18.2503,106.0013,Vietnam,VN,Hà Tĩnh,minor,,
Phú Lộc,16.2804,107.8590,Vietnam,VN,Thừa Thiên-Huế,minor,,
Tri Tôn,10.4202,105.0007,Vietnam,VN,An Giang,minor,,
Ninh Hòa,12.4919,109.1250,Vietnam,VN,Khánh Hòa,minor,,
Sông Cầu,13.4556,109.2235,Vietnam,VN,Phú Yên,minor,,
Quảng Phú,12.8196,108.0774,Vietnam,VN,Đắk Lắk,minor,,
Thới Bình,9.3558,105.0993,Vietnam,VN,Cà Mau,minor,,
Krông Năng,12.9517,108.3443,Vietnam,VN,Đắk Lắk,minor,,
Phước Dân,11.5270,108.9300,Vietnam,VN,Ninh Thuận,minor,,
Hàng Trạm,20.3947,105.6224,Vietnam,VN,Hòa Bình,minor,,
Thứ Mười Một,9.6114,104.9465,Vietnam,VN,Kiến Giang,minor,,
Hạ Hòa,21.5630,105.0051,Vietnam,VN,Phú Thọ,minor,,
Bo,20.6726,105.5362,Vietnam,VN,Hòa Bình,minor,,
Móng Cái,21.5298,107.9680,Vietnam,VN,Quảng Ninh,minor,,
Chũ,21.3738,106.5665,Vietnam,VN,Bắc Giang,minor,,
Đưc Trọng,11.7356,108.3733,Vietnam,VN,Lâm Đồng,minor,,
Chơn Thành,11.4282,106.6354,Vietnam,VN,Bình Phước,minor,,
Liên Hương,11.2276,108.7237,Vietnam,VN,Bình Thuận,minor,,
Lương Sơn,20.8715,105.5257,Vietnam,VN,Hòa Bình,minor,,
Thanh Chương,18.7788,105.3336,Vietnam,VN,Nghệ An,minor,,
Tân Thạnh,10.6067,106.0471,Vietnam,VN,Long An,minor,,
Hải Lăng,16.6935,107.2512,Vietnam,VN,Quảng Trị,minor,,
Hòa Vang,15.9876,108.1389,Vietnam,VN,Đà Nẵng,minor,,
Tân Kỳ,19.0476,105.2681,Vietnam,VN,Nghệ An,minor,,
Phú Phong,13.9096,108.9190,Vietnam,VN,Bình Định,minor,,
Chợ Chu,21.9072,105.6422,Vietnam,VN,Thái Nguyên,minor,,
Kỳ Sơn,20.8867,105.3524,Vietnam,VN,Hòa Bình,minor,,
Chi Nê,20.4906,105.7780,Vietnam,VN,Hòa Bình,minor,,
Mỹ Phước,10.4771,106.1926,Vietnam,VN,Tiền Giang,minor,,
Cam Lâm,12.0540,109.1600,Vietnam,VN,Khánh Hòa,minor,,
Thạnh Mỹ,11.7617,108.4947,Vietnam,VN,Lâm Đồng,minor,,
Hòn Đất,10.1846,104.9296,Vietnam,VN,Kiến Giang,minor,,
Cao Phong,20.7045,105.3206,Vietnam,VN,Hòa Bình,minor,,
Anh Sơn,18.9325,105.0760,Vietnam,VN,Nghệ An,minor,,
Kỳ Anh,18.0624,106.2983,Vietnam,VN,Hà Tĩnh,minor,,
Cần Giờ,10.4111,106.9547,Vietnam,VN,Hồ Chí Minh,minor,,
Gio Linh,16.9248,107.0844,Vietnam,VN,Quảng Trị,minor,,
Đắk Mil,12.4496,107.6224,Vietnam,VN,Đắk Nông,minor,,
Bù Đốp,11.9549,106.8002,Vietnam,VN,Bình Phước,minor,,
Đồng Nai,11.5798,107.3652,Vietnam,VN,Lâm Đồng,minor,,
Thị Trấn Đồng Văn,23.2784,105.3629,Vietnam,VN,Hà Giang,minor,,
Đinh Văn,11.7862,108.2428,Vietnam,VN,Lâm Đồng,minor,,
Mường Khến,20.6144,105.2795,Vietnam,VN,Hòa Bình,minor,,
Tiên Phước,15.4882,108.3074,Vietnam,VN,Quảng Nam,minor,,
Ea T’ling,12.5890,107.8958,Vietnam,VN,Đắk Nông,minor,,
Ea Kar,12.8082,108.4490,Vietnam,VN,Đắk Lắk,minor,,
Lộc Ninh,11.8448,106.5907,Vietnam,VN,Bình Phước,minor,,
Cát Bà,20.7278,107.0482,Vietnam,VN,Hải Phòng,minor,,
Năm Căn,8.7590,104.9929,Vietnam,VN,Cà Mau,minor,,
Thị Trấn Phố Lu,22.3192,104.1872,Vietnam,VN,Lào Cai,minor,,
Vĩnh An,11.0890,107.0352,Vietnam,VN,Đồng Nai,minor,,
Đông Thành,10.8922,106.3061,Vietnam,VN,Long An,minor,,
Chư Sê,13.6915,108.0802,Vietnam,VN,Gia Lai,minor,,
A Yun Pa,13.4003,108.4350,Vietnam,VN,Gia Lai,minor,,
Bến Sung,19.6314,105.5782,Vietnam,VN,Thanh Hóa,minor,,
Hữu Lũng,21.5056,106.3446,Vietnam,VN,Lạng Sơn,minor,,
Hồ Xá,17.0684,107.0052,Vietnam,VN,Quảng Trị,minor,,
Tân Châu,11.5520,106.1725,Vietnam,VN,Tây Ninh,minor,,
U Minh,9.4129,104.9735,Vietnam,VN,Cà Mau,minor,,
Thị Trấn Yên Thế,22.1107,104.7675,Vietnam,VN,Yên Bái,minor,,
Si Ma Cai,22.6951,104.2786,Vietnam,VN,Lào Cai,minor,,
Vĩnh Hưng,10.8907,105.7849,Vietnam,VN,Long An,minor,,
Thị Trấn Mèo Vạc,23.1641,105.4099,Vietnam,VN,Hà Giang,minor,,
Cam Lộ,16.8080,106.9941,Vietnam,VN,Quảng Trị,minor,,
Ma Lâm,11.0730,108.1300,Vietnam,VN,Bình Thuận,minor,,
Ngọc Hiển,8.6572,105.0602,Vietnam,VN,Cà Mau,minor,,
Thị Trấn Tân Yên,22.0655,105.0345,Vietnam,VN,Tuyên Quang,minor,,
Thanh Sơn,21.1987,105.1789,Vietnam,VN,Phú Thọ,minor,,
Sơn Thịnh,21.5625,104.5948,Vietnam,VN,Yên Bái,minor,,
Quỳ Hợp,19.3255,105.1825,Vietnam,VN,Nghệ An,minor,,
Yên Lập,21.3470,105.0574,Vietnam,VN,Phú Thọ,minor,,
Quảng Hà,21.4506,107.7559,Vietnam,VN,Quảng Ninh,minor,,
Cổ Phúc,21.7558,104.8277,Vietnam,VN,Yên Bái,minor,,
Cành Nàng,20.3480,105.2288,Vietnam,VN,Thanh Hóa,minor,,
Thạnh Hóa,10.6574,106.1808,Vietnam,VN,Long An,minor,,
Đăk Đoa,13.9950,108.1121,Vietnam,VN,Gia Lai,minor,,
Kiến Đức,11.9922,107.5109,Vietnam,VN,Đắk Nông,minor,,
Tân Biên,11.5444,106.0116,Vietnam,VN,Tây Ninh,minor,,
Phong Thổ,22.5443,103.2978,Vietnam,VN,Lai Châu,minor,,
Hoài Ân,14.3635,108.9648,Vietnam,VN,Bình Định,minor,,
Đức Phong,11.8135,107.2443,Vietnam,VN,Bình Phước,minor,,
Thị Trấn Yên Minh,23.1179,105.1416,Vietnam,VN,Hà Giang,minor,,
Lũng Hồ,22.9848,105.2398,Vietnam,VN,Hà Giang,minor,,
Hát Lót,21.1973,104.1060,Vietnam,VN,Sơn La,minor,,
Thị Trấn Vĩnh Tuy,22.2744,104.8909,Vietnam,VN,Hà Giang,minor,,
Thị Trấn Việt Quang,22.4151,104.8068,Vietnam,VN,Hà Giang,minor,,
Thị Trấn Thuận Châu,21.4385,103.6900,Vietnam,VN,Sơn La,minor,,
Đồng Mỏ,21.6570,106.5783,Vietnam,VN,Lạng Sơn,minor,,
Di Linh,11.5815,108.0764,Vietnam,VN,Lâm Đồng,minor,,
Kiến Giang,17.2233,106.7901,Vietnam,VN,Quảng Bình,minor,,
Thị Trấn Quảng Uyên,22.6950,106.4424,Vietnam,VN,Cao Bằng,minor,,
Thị Trấn Trùng Khánh,22.8351,106.5250,Vietnam,VN,Cao Bằng,minor,,
Mường Ảng,21.5199,103.2229,Vietnam,VN,Điện Biên,minor,,
Phố Châu,18.5133,105.4241,Vietnam,VN,Hà Tĩnh,minor,,
Thị Trấn Vinh Quang,22.7408,104.6796,Vietnam,VN,Hà Giang,minor,,
Tân Phú,11.4512,106.8681,Vietnam,VN,Bình Phước,minor,,
Cô Tô,20.9727,107.7658,Vietnam,VN,Quảng Ninh,minor,,
Than Uyên,21.9591,103.8800,Vietnam,VN,Lai Châu,minor,,
Chư Ty,13.8051,107.6961,Vietnam,VN,Gia Lai,minor,,
Tân Hưng,10.8348,105.6614,Vietnam,VN,Long An,minor,,
Văn Quan,21.8652,106.5393,Vietnam,VN,Lạng Sơn,minor,,
Phù Yên,21.2633,104.6444,Vietnam,VN,Sơn La,minor,,
Ea Drăng,13.2045,108.2103,Vietnam,VN,Đắk Lắk,minor,,
Mai Châu,20.6615,105.0824,Vietnam,VN,Hòa Bình,minor,,
Thuận Nam,10.8500,107.8786,Vietnam,VN,Bình Thuận,minor,,
Thị Trấn Nước Hai,22.7374,106.1522,Vietnam,VN,Cao Bằng,minor,,
Tân Sơn,11.7752,108.7848,Vietnam,VN,Ninh Thuận,minor,,
Đắk Mâm,12.4579,107.8625,Vietnam,VN,Đắk Nông,minor,,
Thị Trấn Vĩnh Lộc,22.1436,105.2719,Vietnam,VN,Tuyên Quang,minor,,
Huyện Chiêm Hóa,22.1441,105.2728,Vietnam,VN,Tuyên Quang,minor,,
Phong Điền,16.5832,107.3644,Vietnam,VN,Thừa Thiên-Huế,minor,,
Bắc Sơn,21.9000,106.3208,Vietnam,VN,Lạng Sơn,minor,,
Thị Trấn Phố Ràng,22.2343,104.4764,Vietnam,VN,Lào Cai,minor,,
Thị Trấn Mường Khương,22.7614,104.1216,Vietnam,VN,Lào Cai,minor,,
Sơn Hà,15.0419,108.4697,Vietnam,VN,Quảng Ngãi,minor,,
Đạ Tẻh,11.5115,107.4909,Vietnam,VN,Lâm Đồng,minor,,
Thị Trấn Tà Lùng,22.4979,106.5669,Vietnam,VN,Cao Bằng,minor,,
Tánh Linh,11.0842,107.6809,Vietnam,VN,Bình Thuận,minor,,
Thị Trấn Na Sầm,22.0564,106.6151,Vietnam,VN,Lạng Sơn,minor,,
Yên Châu,21.0458,104.3010,Vietnam,VN,Sơn La,minor,,
Yên Cát,19.6633,105.4285,Vietnam,VN,Thanh Hóa,minor,,
Thị Trấn Tam Sơn,23.0674,104.9893,Vietnam,VN,Hà Giang,minor,,
Hoàn Lão,17.5844,106.5342,Vietnam,VN,Quảng Bình,minor,,
Đắk Song,12.2552,107.6092,Vietnam,VN,Đắk Nông,minor,,
Đắk Hà,14.5135,107.9210,Vietnam,VN,Kon Tum,minor,,
Đắk Tô,14.6609,107.8389,Vietnam,VN,Kon Tum,minor,,
Tam Đường,22.3181,103.6262,Vietnam,VN,Lai Châu,minor,,
Sông Mã,21.0509,103.7499,Vietnam,VN,Sơn La,minor,,
Mộc Châu,20.8520,104.6218,Vietnam,VN,Sơn La,minor,,
Thị Trấn Hùng Quốc,22.8290,106.3234,Vietnam,VN,Cao Bằng,minor,,
Phú Hòa,14.1000,107.9690,Vietnam,VN,Gia Lai,minor,,
Lộc Thắng,11.6284,107.8351,Vietnam,VN,Lâm Đồng,minor,,
An Châu,21.3346,106.8493,Vietnam,VN,Bắc Giang,minor,,
Thị Trấn Tủa Chùa,21.8577,103.3426,Vietnam,VN,Điện Biên,minor,,
Sa Pa,22.3356,103.8419,Vietnam,VN,Lào Cai,minor,,
Lộc Bình,21.7587,106.9233,Vietnam,VN,Lạng Sơn,minor,,
Yên Bình,22.4099,104.5795,Vietnam,VN,Hà Giang,minor,,
Bắc Hà,22.5391,104.2931,Vietnam,VN,Lào Cai,minor,,
Quán Hàu,17.4044,106.6407,Vietnam,VN,Quảng Bình,minor,,
Hiệp Đức,15.5822,108.1142,Vietnam,VN,Quảng Nam,minor,,
Krông Kmar,12.5045,108.3329,Vietnam,VN,Đắk Lắk,minor,,
Hương Khê,18.1767,105.7002,Vietnam,VN,Hà Tĩnh,minor,,
Lang Chánh,20.1561,105.2422,Vietnam,VN,Thanh Hóa,minor,,
Thị Trấn Tuần Giáo,21.5899,103.4218,Vietnam,VN,Điện Biên,minor,,
Ma Đa Gui,11.3870,107.5351,Vietnam,VN,Lâm Đồng,minor,,
Thường Xuân,19.9029,105.3472,Vietnam,VN,Thanh Hóa,minor,,
Thị Trấn Xuân Hoà,22.9024,106.0774,Vietnam,VN,Cao Bằng,minor,,
Thị Trấn Việt Lâm,22.6249,104.9599,Vietnam,VN,Hà Giang,minor,,
Thị Trấn Vị Xuyên,22.6676,104.9819,Vietnam,VN,Hà Giang,minor,,
Ít Ong,21.5175,104.0270,Vietnam,VN,Sơn La,minor,,
Minh Long,14.9322,108.7033,Vietnam,VN,Quảng Ngãi,minor,,
Đồng Lê,17.8839,106.0254,Vietnam,VN,Quảng Bình,minor,,
Côn Đảo,8.6833,106.6063,Vietnam,VN,Bà Rịa-Vũng Tàu,minor,,
Đà Bắc,20.8771,105.2542,Vietnam,VN,Hòa Bình,minor,,
Trà Bồng,15.2557,108.5172,Vietnam,VN,Quảng Ngãi,minor,,
Chư Prông,13.7568,107.8862,Vietnam,VN,Gia Lai,minor,,
Chợ Rã,22.4511,105.7191,Vietnam,VN,Bắc Kạn,minor,,
Bát Xát,22.5431,103.8899,Vietnam,VN,Lào Cai,minor,,
Ia Pa,13.5336,108.4553,Vietnam,VN,Gia Lai,minor,,
Chợ Lầu,11.2216,108.5071,Vietnam,VN,Bình Thuận,minor,,
Khe Sanh,16.6282,106.7388,Vietnam,VN,Quảng Trị,minor,,
Tô Hạp,12.0058,108.9487,Vietnam,VN,Khánh Hòa,minor,,
Thị Trấn Thông Nông,22.7841,105.9832,Vietnam,VN,Cao Bằng,minor,,
Mường Chiên,21.8424,103.5661,Vietnam,VN,Sơn La,minor,,
Yên Phú,22.7322,105.3715,Vietnam,VN,Hà Giang,minor,,
Pác Miầu,22.8297,105.4933,Vietnam,VN,Cao Bằng,minor,,
Tân Việt,22.8641,105.4590,Vietnam,VN,Cao Bằng,minor,,
Củng Sơn,13.0500,108.9789,Vietnam,VN,Phú Yên,minor,,
Sa Thầy,14.4138,107.7934,Vietnam,VN,Kon Tum,minor,,
Trới,21.0314,106.9910,Vietnam,VN,Quảng Ninh,minor,,
Plei Kần,14.7049,107.6862,Vietnam,VN,Kon Tum,minor,,
Bộc Bố,22.6121,105.6671,Vietnam,VN,Bắc Kạn,minor,,
Bắc Yên,21.2463,104.4328,Vietnam,VN,Sơn La,minor,,
Đồng Xuân,13.3773,109.1081,Vietnam,VN,Phú Yên,minor,,
Thị Trấn Thất Khê,22.2553,106.4736,Vietnam,VN,Lạng Sơn,minor,,
Phủ Thông,22.2731,105.8794,Vietnam,VN,Bắc Kạn,minor,,
Thị Trấn Khánh Yên,22.0894,104.2515,Vietnam,VN,Lào Cai,minor,,
Thị Trấn Thanh Nhật,22.6875,106.6700,Vietnam,VN,Cao Bằng,minor,,
Kon Dơng,14.0389,108.2501,Vietnam,VN,Gia Lai,minor,,
Hai Riêng,12.9791,108.8973,Vietnam,VN,Phú Yên,minor,,
Bằng Lũng,22.1578,105.5956,Vietnam,VN,Bắc Kạn,minor,,
Thị Trấn Bảo Lạc,22.9492,105.6805,Vietnam,VN,Cao Bằng,minor,,
Điện Biên Đông,21.2967,103.2201,Vietnam,VN,Điện Biên,minor,,
M’Đrăk,12.7462,108.7428,Vietnam,VN,Đắk Lắk,minor,,
Lắk,12.4109,108.1768,Vietnam,VN,Đắk Lắk,minor,,
Thị Trấn Sìn Hồ,22.3665,103.2344,Vietnam,VN,Lai Châu,minor,,
Phú Túc,13.1968,108.6904,Vietnam,VN,Gia Lai,minor,,
Tây Trà,15.1695,108.3600,Vietnam,VN,Quảng Ngãi,minor,,
Kiên Lương,10.2862,104.6462,Vietnam,VN,Kiến Giang,minor,,
Quỳ Châu,19.5521,105.0939,Vietnam,VN,Nghệ An,minor,,
Bình Gia,21.9609,106.3645,Vietnam,VN,Lạng Sơn,minor,,
Thị Trấn Nguyên Bình,22.6500,105.9598,Vietnam,VN,Cao Bằng,minor,,
Vũ Quang,18.3838,105.5059,Vietnam,VN,Hà Tĩnh,minor,,
Ba Tơ,14.7636,108.7322,Vietnam,VN,Quảng Ngãi,minor,,
Yến Lạc,22.2369,106.1815,Vietnam,VN,Bắc Kạn,minor,,
Trà My,15.3397,108.2207,Vietnam,VN,Quảng Nam,minor,,
Thị Trấn Đông Khê,22.4294,106.4319,Vietnam,VN,Cao Bằng,minor,,
Vân Tùng,22.4308,105.9969,Vietnam,VN,Bắc Kạn,minor,,
Quan Hóa,20.3848,105.1002,Vietnam,VN,Thanh Hóa,minor,,
Mù Cang Chải,21.8513,104.0895,Vietnam,VN,Yên Bái,minor,,
Thị Trấn Na Hang,22.3492,105.3824,Vietnam,VN,Tuyên Quang,minor,,
Lạc Dương,12.0041,108.4191,Vietnam,VN,Lâm Đồng,minor,,
Vĩnh Thạnh,14.1088,108.7838,Vietnam,VN,Bình Định,minor,,
Mường Lát,20.5292,104.6014,Vietnam,VN,Thanh Hóa,minor,,
K Bang,14.1445,108.5991,Vietnam,VN,Gia Lai,minor,,
Ia Kha,13.9624,107.8448,Vietnam,VN,Gia Lai,minor,,
Thị Trấn Trạm Tấu,21.4666,104.3797,Vietnam,VN,Yên Bái,minor,,
Quan Sơn,20.2591,104.9452,Vietnam,VN,Thanh Hóa,minor,,
Con Cuông,19.0500,104.8812,Vietnam,VN,Nghệ An,minor,,
Ea Súp,13.0662,107.8855,Vietnam,VN,Đắk Lắk,minor,,
Khe Tre,16.1691,107.7179,Vietnam,VN,Thừa Thiên-Huế,minor,,
A Lưới,16.2723,107.2338,Vietnam,VN,Thừa Thiên-Huế,minor,,
An Lão,14.6124,108.8899,Vietnam,VN,Bình Định,minor,,
Quy Đạt,17.8046,105.9704,Vietnam,VN,Quảng Bình,minor,,
Kông Chro,13.7753,108.5256,Vietnam,VN,Gia Lai,minor,,
Mường Chà,21.7617,103.0978,Vietnam,VN,Điện Biên,minor,,
Krông Klang,16.6891,106.8874,Vietnam,VN,Quảng Trị,minor,,
Mường Xén,19.3980,104.1524,Vietnam,VN,Nghệ An,minor,,
Kim Sơn,19.6041,104.9190,Vietnam,VN,Nghệ An,minor,,
Đắk Glei,15.0864,107.7358,Vietnam,VN,Kon Tum,minor,,
Vân Canh,13.6195,108.9981,Vietnam,VN,Bình Định,minor,,
Khánh Vĩnh,12.2835,108.9047,Vietnam,VN,Khánh Hòa,minor,,
Sốp Cộp,20.9388,103.5971,Vietnam,VN,Sơn La,minor,,
Đắk Rve,14.5072,108.2473,Vietnam,VN,Kon Tum,minor,,
Prao,15.9244,107.6481,Vietnam,VN,Quảng Nam,minor,,
Hòa Bình,19.2639,104.4723,Vietnam,VN,Nghệ An,minor,,
Mường Nhé,22.1924,102.4579,Vietnam,VN,Điện Biên,minor,,
Bác Ái,11.8410,108.9032,Vietnam,VN,Ninh Thuận,minor,,
Đình Lập,21.5463,107.0981,Vietnam,VN,Lạng Sơn,minor,,
Khâm Đức,15.4451,107.7934,Vietnam,VN,Quảng Nam,minor,,
Thị Trấn Mường Tè,22.3807,102.8201,Vietnam,VN,Lai Châu,minor,,
Kon Plông,14.6006,108.2909,Vietnam,VN,Kon Tum,minor,,
Thạnh Mỹ,15.7489,107.8368,Vietnam,VN,Quảng Nam,minor,,
